{"total":45,"traits":{"Background":{"Beach":{"Total":8,"Percentage":0.17777777777777778},"City":{"Total":11,"Percentage":0.24444444444444444},"Goo":{"Total":2,"Percentage":0.044444444444444446},"Mountains":{"Total":9,"Percentage":0.2},"Park":{"Total":5,"Percentage":0.1111111111111111},"Rainbow":{"Total":6,"Percentage":0.13333333333333333},"Sky":{"Total":4,"Percentage":0.08888888888888889}},"Body":{"Blue":{"Total":10,"Percentage":0.2222222222222222},"Gray":{"Total":6,"Percentage":0.13333333333333333},"Green":{"Total":10,"Percentage":0.2222222222222222},"Orange":{"Total":5,"Percentage":0.1111111111111111},"Pink":{"Total":5,"Percentage":0.1111111111111111},"Purple":{"Total":3,"Percentage":0.06666666666666667},"Red":{"Total":6,"Percentage":0.13333333333333333}},"Eyes":{"Closed":{"Total":15,"Percentage":0.3333333333333333},"Cool":{"Total":9,"Percentage":0.2},"Round":{"Total":13,"Percentage":0.28888888888888886},"Sunglasses":{"Total":8,"Percentage":0.17777777777777778}},"Hat":{"Chef":{"Total":4,"Percentage":0.08888888888888889},"Irish":{"Total":7,"Percentage":0.15555555555555556},"Pirate":{"Total":9,"Percentage":0.2},"Viking":{"Total":4,"Percentage":0.08888888888888889},"Wizard":{"Total":4,"Percentage":0.08888888888888889},"none":{"Total":17,"Percentage":0.37777777777777777}},"Mouth":{"HalfSmile":{"Total":8,"Percentage":0.17777777777777778},"Open":{"Total":8,"Percentage":0.17777777777777778},"Serious":{"Total":9,"Percentage":0.2},"Smile":{"Total":11,"Percentage":0.24444444444444444},"Whistle":{"Total":9,"Percentage":0.2}},"Role":{"Pollum":{"Total":45,"Percentage":1}}}}