{
    "total": 45,
    "traits": {
        "Background": {
            "Beach": {
                "Total": 10,
                "Percentage": 0.2222222222222222
            },
            "City": {
                "Total": 11,
                "Percentage": 0.24444444444444444
            },
            "Goo": {
                "Total": 2,
                "Percentage": 0.044444444444444446
            },
            "Mountains": {
                "Total": 6,
                "Percentage": 0.13333333333333333
            },
            "Park": {
                "Total": 7,
                "Percentage": 0.15555555555555556
            },
            "Rainbow": {
                "Total": 4,
                "Percentage": 0.08888888888888889
            },
            "Sky": {
                "Total": 5,
                "Percentage": 0.1111111111111111
            }
        },
        "Body": {
            "Blue": {
                "Total": 5,
                "Percentage": 0.1111111111111111
            },
            "Gray": {
                "Total": 4,
                "Percentage": 0.08888888888888889
            },
            "Green": {
                "Total": 9,
                "Percentage": 0.2
            },
            "Orange": {
                "Total": 5,
                "Percentage": 0.1111111111111111
            },
            "Pink": {
                "Total": 7,
                "Percentage": 0.15555555555555556
            },
            "Purple": {
                "Total": 8,
                "Percentage": 0.17777777777777778
            },
            "Red": {
                "Total": 7,
                "Percentage": 0.15555555555555556
            }
        },
        "Eyes": {
            "Closed": {
                "Total": 7,
                "Percentage": 0.15555555555555556
            },
            "Cool": {
                "Total": 13,
                "Percentage": 0.28888888888888886
            },
            "Round": {
                "Total": 13,
                "Percentage": 0.28888888888888886
            },
            "Sunglasses": {
                "Total": 12,
                "Percentage": 0.26666666666666666
            }
        },
        "Hat": {
            "Chef": {
                "Total": 5,
                "Percentage": 0.1111111111111111
            },
            "Irish": {
                "Total": 4,
                "Percentage": 0.08888888888888889
            },
            "Pirate": {
                "Total": 7,
                "Percentage": 0.15555555555555556
            },
            "Viking": {
                "Total": 5,
                "Percentage": 0.1111111111111111
            },
            "Wizard": {
                "Total": 5,
                "Percentage": 0.1111111111111111
            },
            "none": {
                "Total": 19,
                "Percentage": 0.4222222222222222
            }
        },
        "Mouth": {
            "HalfSmile": {
                "Total": 12,
                "Percentage": 0.26666666666666666
            },
            "Open": {
                "Total": 7,
                "Percentage": 0.15555555555555556
            },
            "Serious": {
                "Total": 11,
                "Percentage": 0.24444444444444444
            },
            "Smile": {
                "Total": 11,
                "Percentage": 0.24444444444444444
            },
            "Whistle": {
                "Total": 4,
                "Percentage": 0.08888888888888889
            }
        },
        "Role": {
            "Pollum": {
                "Total": 45,
                "Percentage": 1
            }
        }
    }
}